Category,Weight,Jun-24,May-24,Apr-24,Mar-24,Feb-24,Jan-24,Dec-23,Nov-23,Oct-23,Sep-23,Aug-23,Jul-23,Jun-23,May-23,Apr-23,Mar-23,Feb-23,Jan-23
Food + Energy,~80%,-0.0006609985777566996,-0.0011724027673719606,-0.0020431285287905165,-0.0027989357754309996,-0.005263523059844677,-0.005694013360006855,-0.005471537482901523,-0.0009650312432871733,-0.0007252748663376662,-0.0018080801592909035,-0.00229717164762544,-0.0022605392401879865,-0.0015901642523318271,-0.002635071703732561,-0.003885152679684256,-0.004636704583592666,-0.0047957941049378006,-0.006739887701431968
Headline,100%,-0.0011604247472499774,-0.0003373915811251127,-0.0016588711397814704,-0.0038781940883054755,-0.006422652818154906,-0.006151595419011113,-0.005417989280746549,0.0009943079942362765,0.002019208535389838,0.0003835265592142534,-0.002478970983368356,-0.004348165953372174,-0.0019038833331697091,-0.0032185219052862646,-0.0025121084283868944,-0.005033573639501188,-0.003299805192223726,-0.005551123520808221
